{
   "bindings" : {
      "/actions/legacy" : {
         "haptics" : [
            {
               "output" : "/actions/legacy/out/left_haptic",
               "path" : "/user/hand/left/output/haptic"
            },
            {
               "output" : "/actions/legacy/out/right_haptic",
               "path" : "/user/hand/right/output/haptic"
            }
         ],
         "poses" : [
            {
               "output" : "/actions/legacy/in/Left_Pose",
               "path" : "/user/hand/left/pose/raw"
            },
            {
               "output" : "/actions/legacy/in/Right_Pose",
               "path" : "/user/hand/right/pose/raw"
            }
         ],
         "sources" : [
            {
               "inputs" : {
                  "click" : {
                     "output" : "/actions/legacy/in/left_a_press"
                  }
               },
               "mode" : "button",
               "path" : "/user/hand/left/input/Button0"
            },
            {
               "inputs" : {
                  "click" : {
                     "output" : "/actions/legacy/in/left_grip_press"
                  }
               },
               "mode" : "button",
               "path" : "/user/hand/left/input/Button1"
            },
            {
               "inputs" : {
                  "click" : {
                     "output" : "/actions/legacy/in/left_applicationmenu_press"
                  }
               },
               "mode" : "button",
               "path" : "/user/hand/left/input/Button2"
            },
            {
               "inputs" : {
                  "click" : {
                     "output" : "/actions/legacy/in/left_system_press"
                  }
               },
               "mode" : "button",
               "path" : "/user/hand/left/input/Button3"
            },
            {
               "inputs" : {
                  "click" : {
                     "output" : "/actions/legacy/in/left_axis0_press"
                  }
               },
               "mode" : "button",
               "path" : "/user/hand/left/input/Button4"
            },
            {
               "inputs" : {
                  "click" : {
                     "output" : "/actions/legacy/in/left_axis1_press"
                  }
               },
               "mode" : "button",
               "path" : "/user/hand/left/input/Button5"
            },
            {
               "inputs" : {
                  "click" : {
                     "output" : "/actions/legacy/in/left_axis2_press"
                  }
               },
               "mode" : "button",
               "path" : "/user/hand/left/input/Button6"
            },
            {
               "inputs" : {
                  "click" : {
                     "output" : "/actions/legacy/in/left_axis3_press"
                  }
               },
               "mode" : "button",
               "path" : "/user/hand/left/input/Button7"
            },
            {
               "inputs" : {
                  "position" : {
                     "output" : "/actions/legacy/in/left_axis0_value"
                  }
               },
               "mode" : "joystick",
               "path" : "/user/hand/left/input/Joystick0"
            },
            {
               "inputs" : {
                  "pull" : {
                     "output" : "/actions/legacy/in/left_axis1_value"
                  }
               },
               "mode" : "trigger",
               "path" : "/user/hand/left/input/Trigger0"
            },
            {
               "inputs" : {
                  "pull" : {
                     "output" : "/actions/legacy/in/left_axis3_value"
                  }
               },
               "mode" : "trigger",
               "path" : "/user/hand/left/input/Trigger1"
            },
            {
               "inputs" : {
                  "click" : {
                     "output" : "/actions/legacy/in/right_a_press"
                  }
               },
               "mode" : "button",
               "path" : "/user/hand/right/input/Button0"
            },
            {
               "inputs" : {
                  "click" : {
                     "output" : "/actions/legacy/in/right_grip_press"
                  }
               },
               "mode" : "button",
               "path" : "/user/hand/right/input/Button1"
            },
            {
               "inputs" : {
                  "click" : {
                     "output" : "/actions/legacy/in/right_applicationmenu_press"
                  }
               },
               "mode" : "button",
               "path" : "/user/hand/right/input/Button2"
            },
            {
               "inputs" : {
                  "click" : {
                     "output" : "/actions/legacy/in/right_system_press"
                  }
               },
               "mode" : "button",
               "path" : "/user/hand/right/input/Button3"
            },
            {
               "inputs" : {
                  "click" : {
                     "output" : "/actions/legacy/in/right_axis0_press"
                  }
               },
               "mode" : "button",
               "path" : "/user/hand/right/input/Button4"
            },
            {
               "inputs" : {
                  "click" : {
                     "output" : "/actions/legacy/in/right_axis1_press"
                  }
               },
               "mode" : "button",
               "path" : "/user/hand/right/input/Button5"
            },
            {
               "inputs" : {
                  "click" : {
                     "output" : "/actions/legacy/in/right_axis2_press"
                  }
               },
               "mode" : "button",
               "path" : "/user/hand/right/input/Button6"
            },
            {
               "inputs" : {
                  "click" : {
                     "output" : "/actions/legacy/in/right_axis3_press"
                  }
               },
               "mode" : "button",
               "path" : "/user/hand/right/input/Button7"
            },
            {
               "inputs" : {
                  "position" : {
                     "output" : "/actions/legacy/in/right_axis0_value"
                  }
               },
               "mode" : "joystick",
               "path" : "/user/hand/right/input/Joystick0"
            },
            {
               "inputs" : {
                  "pull" : {
                     "output" : "/actions/legacy/in/right_axis1_value"
                  }
               },
               "mode" : "trigger",
               "path" : "/user/hand/right/input/Trigger0"
            },
            {
               "inputs" : {
                  "pull" : {
                     "output" : "/actions/legacy/in/right_axis3_value"
                  }
               },
               "mode" : "trigger",
               "path" : "/user/hand/right/input/Trigger1"
            }
         ]
      }
   },
   "controller_type" : "psmsex",
   "description" : "Default legacy binding",
   "name" : "Default legacy binding"
}
