{
  "jsonid" : "input_profile",
  "controller_type": "psmsex_handed",
  "device_class" : "TrackedDeviceClass_Controller",
  "resource_root" : "psmsex",
  "driver_name" : "psmsex",
  "legacy_binding" :  "{psmsex}/input/legacy_bindings_psmsex.json",
  "legacy_profile" :  "none",
  "input_bindingui_mode" : "single_device",
  "should_show_binding_errors": true,
  "input_bindingui_left" :
  {
    "image": "{psmsex}/input/binding_image_light.png"
  },
  "input_bindingui_right" :
  {
    "image": "{psmsex}/input/binding_image_light.png"
  },
  "priority" : 6,
  "input_source" :
  {
    "/input/Button0" : { 
        "type" : "button",
        "click" : true,
        "binding_image_point" : [ 0, 0 ],
        "order" : 1
    },
    "/input/Button1" : { 
        "type" : "button",
        "click" : true,
        "binding_image_point" : [ 0, 0 ],
        "order" : 2
    },
    "/input/Button2" : { 
        "type" : "button",
        "click" : true,
        "binding_image_point" : [ 0, 0 ],
        "order" : 3
    },
    "/input/Button3" : { 
        "type" : "button",
        "click" : true,
        "binding_image_point" : [ 0, 0 ],
        "order" : 4
    },
    "/input/Button4" : { 
        "type" : "button",
        "click" : true,
        "binding_image_point" : [ 0, 0 ],
        "order" : 5
    },
    "/input/Button5" : { 
        "type" : "button",
        "click" : true,
        "binding_image_point" : [ 0, 0 ],
        "order" : 6
    },
    "/input/Button6" : { 
        "type" : "button",
        "click" : true,
        "binding_image_point" : [ 0, 0 ],
        "order" : 7
    },
    "/input/Button7" : { 
        "type" : "button",
        "click" : true,
        "binding_image_point" : [ 0, 0 ],
        "order" : 8
    },
    "/input/Joystick0" : { 
        "type" : "joystick",
        "binding_image_point" : [ 0, 0 ],
        "order" : 1
    },
    "/input/Trigger0" : { 
        "type" : "trigger",
        "binding_image_point" : [ 0, 0 ],
        "order" : 1
    },
    "/input/Trigger1" : { 
        "type" : "trigger",
        "binding_image_point" : [ 0, 0 ],
        "order" : 1
    },
    "/pose/raw" : {
        "type" : "pose",
        "binding_image_point" : [ 0, 0 ]
    },
    "/output/haptic" : {
        "type" : "vibration",
        "binding_image_point" : [ 0, 0 ]
    }
  }
}