{
   "DefaultAutoPoseUpdateOn": true,
   "DefaultIconPrefix": "vmt",
   "DefaultRenderModelPrefix": "vmt",
   "DriverName": "psmsex",
   "GenericTrackerIconPrefix": "vmt",
   "GenericTrackerRenderModelPrefix": "vmt",
   "HMDisIndex0": true,
   "LeftControllerIconPrefix": "vmt",
   "LeftControllerRenderModelPrefix": "vmt",
   "OptoutTrackingRole": true,
   "ReceivePort": 34570,
   "RejectWhenCannotTracking": true,
   "RightControllerIconPrefix": "vmt",
   "RightControllerRenderModelPrefix": "vmt",
   "RoomMatrix": [
      1.0,
      0.0,
      0.0,
      -0.0,
      0.0,
      1.0,
      0.0,
      -0.0,
      -0.0,
      0.0,
      1.0,
      0.0
   ],
   "SendPort": 34571,
   "SerialPrefix": "PSMS_EX",
   "TrackingReferenceIconPrefix": "vmt",
   "TrackingReferenceRenderModelPrefix": "vmt",
   "VelocityEnable": false
}